//user_id, name, phoneNumber, emailAddress, physicalAddress, userType, accountStatus

01, Alham Aihmoud, 913-123-4567, aaihmoud@email.com, 123 Main St, member, active
02, Dalan Dyvis, 914-234-5678, ddyvis@email.com, 456 Elm St, member, active
03, Woshua Jelicky, 915-345-6789, wjelicky@email.com, 789 Oak St, member, active
04, Aldley Ashdave, 916-456-7890, aashdave@email.com, 101 Pine St, member, active
05, Ahyyir Named, 917-567-8901, anamed@email.com, 202 Maple St, member, active
06, Alabama Almood, 918-678-9012, aalmood@email.com, 303 Birch St, member, active
07, Nate Ahmed, 919-789-0123, nahmed@email.com, 404 Cedar St, member, active
08, Nason Gibthan, 920-890-1234, ngibthan@email.com, 505 Spruce St, member, active
09, John Chumbles, 921-901-2345, jchumbles@chumbles.aero, 606 Fir St, member, active
10, Frank Gill, 922-012-3456, fgill@email.com, 707 Willow St, member, active
11,
12,
13,
14,
15,
16,
17,
18,
19,
20,
21,
22,
23,
24,
25,
